<?xml version="1.0" encoding="UTF-8" ?>
<!DOCTYPE manualpage SYSTEM "../style/manualpage.dtd">
<?xml-stylesheet type="text/xsl" href="../style/manual.en.xsl"?>
<!-- $LastChangedRevision$ -->

<!--
 Licensed to the Apache Software Foundation (ASF) under one or more
 contributor license agreements.  See the NOTICE file distributed with
 this work for additional information regarding copyright ownership.
 The ASF licenses this file to You under the Apache License, Version 2.0
 (the "License"); you may not use this file except in compliance with
 the License.  You may obtain a copy of the License at

     http://www.apache.org/licenses/LICENSE-2.0

 Unless required by applicable law or agreed to in writing, software
 distributed under the License is distributed on an "AS IS" BASIS,
 WITHOUT WARRANTIES OR CONDITIONS OF ANY KIND, either express or implied.
 See the License for the specific language governing permissions and
 limitations under the License.
-->

<manualpage metafile="htaccess.xml.meta">
  <parentdocument href="./">Rewrite</parentdocument>

<title>mod_rewrite and .htaccess files</title>

<summary>

<p>This document supplements the <module>mod_rewrite</module>
<a href="../mod/mod_rewrite.html">reference documentation</a>. It describes
the way that the rules change when you use mod_rewrite in .htaccess files,
and how to deal with these changes.</p>

</summary>
<seealso><a href="../mod/mod_rewrite.html">Module documentation</a></seealso>
<seealso><a href="intro.html">mod_rewrite introduction</a></seealso>
<seealso><a href="remapping.html">Redirection and remapping</a></seealso>
<!-- <seealso><a href="access.html">Controlling access</a></seealso> -->
<seealso><a href="vhosts.html">Virtual hosts</a></seealso>
<seealso><a href="proxy.html">Proxying</a></seealso>
<seealso><a href="rewritemap.html">Using RewriteMap</a></seealso>
<seealso><a href="advanced.html">Advanced techniques</a></seealso>
<seealso><a href="avoid.html">When not to use mod_rewrite</a></seealso>

</manualpage>
