<?xml version="1.0"?>
<!DOCTYPE modulesynopsis SYSTEM "../style/modulesynopsis.dtd">
<?xml-stylesheet type="text/xsl" href="../style/manual.en.xsl"?>
<!-- $LastChangedRevision$ -->

<!--
 Licensed to the Apache Software Foundation (ASF) under one or more
 contributor license agreements.  See the NOTICE file distributed with
 this work for additional information regarding copyright ownership.
 The ASF licenses this file to You under the Apache License, Version 2.0
 (the "License"); you may not use this file except in compliance with
 the License.  You may obtain a copy of the License at

     http://www.apache.org/licenses/LICENSE-2.0

 Unless required by applicable law or agreed to in writing, software
 distributed under the License is distributed on an "AS IS" BASIS,
 WITHOUT WARRANTIES OR CONDITIONS OF ANY KIND, either express or implied.
 See the License for the specific language governing permissions and
 limitations under the License.
-->

<modulesynopsis metafile="mod_syslog.xml.meta">

<name>mod_syslog</name>
<description>Provides "syslog" ErrorLog provider</description>
<status>Extension</status>
<sourcefile>mod_syslog.c</sourcefile>
<identifier>syslog_module</identifier>

<summary>

    <p>This module provides "syslog" ErrorLog provider. It allows logging
    error messages via syslogd(8).</p>
</summary>

<section id="examples">
    <title>Examples</title>

    <p>Using <code>syslog</code> in ErrorLog directive (see <module>core</module>)
    instead of a filename enables logging via syslogd(8) if the system supports it.
    The default is to use syslog facility <code>local7</code>,
    but you can override this by using the <code>syslog:<var>facility</var></code>
    syntax where <var>facility</var> can be one of the names usually documented in
    syslog(1).  The facility is effectively global, and if it is changed
    in individual virtual hosts, the final facility specified affects the
    entire server.</p>

    <highlight language="config">
ErrorLog syslog:user
    </highlight>

</section>


</modulesynopsis>
